"Variable / Field Name","Form Name","Section Header","Field Type","Field Label","Choices, Calculations, OR Slider Labels","Field Note","Text Validation Type OR Show Slider Number","Text Validation Min","Text Validation Max",Identifier?,"Branching Logic (Show field only if...)","Required Field?","Custom Alignment","Question Number (surveys only)","Matrix Group Name","Matrix Ranking?","Field Annotation"
brthdat,cdash_v_11_demographics,"<center>Demographics Information</center>",text,"What is the subject's date of birth?",,"Record the date of birth using the DD-MM-YYYY format.",date_dmy,,,,,,,,,,
age,cdash_v_11_demographics,,text,"What is the subject's age?",,"Record age of the subject in years.",,,,,,,,,,,
dmdat,cdash_v_11_demographics,,text,"What is the date of collection?",,"Record the date the demographics data were collected using the DD-MM-YYYY format.",date_dmy,,,,,,,,,,
sex,cdash_v_11_demographics,,radio,"What is the sex of the subject?","1, Female | 2, Male | 3, Undifferentiated | 99, Unknown","Record the appropriate sex. Collect the sex or gender, as reported by the subject or caretaker. Select one.",,,,,,,,,,,
ethnic,cdash_v_11_demographics,,radio,"What is the ethnicity of the subject?","1, Hispanic or Latino | 2, Not Hispanic or Latino","Study participants should self-report ethnicity, with ethnicity being asked about before race. Select one.",,,,,,,,,,,
race,cdash_v_11_demographics,,checkbox,"What is the race of the subject?","1, Black or African American | 2, American Indian or Alaska Native | 3, Asian | 4, Native Hawaiian or Other Pacific Islander | 5, White","Study participants should self-report race, with race being asked about after ethnicity. Check all that apply.",,,,,,,,,,,
