"Variable / Field Name","Form Name","Section Header","Field Type","Field Label","Choices, Calculations, OR Slider Labels","Field Note","Text Validation Type OR Show Slider Number","Text Validation Min","Text Validation Max",Identifier?,"Branching Logic (Show field only if...)","Required Field?","Custom Alignment","Question Number (surveys only)","Matrix Group Name","Matrix Ranking?","Field Annotation"
aeyn,cdash_v_11_adverse_events,"<center>Adverse Events</center>",radio,"Were any adverse events experienced?","0, No | 1, Yes","Indicate if the subject experienced any adverse events.",,,,,,,,,,,
aespid,cdash_v_11_adverse_events,,text,"AE Identifier",,"Record unique identifier for each adverse event for this subject.<br><br>Number sequence for all following forms should not duplicate existing numbers for the subject.",,,,,"[aeyn] = ""1""",,,,,,
aeterm,cdash_v_11_adverse_events,,text,"What is the adverse event term?",,"Record only one diagnosis, sign or symptom per form (e.g., nausea and vomiting should not be recorded in the same entry, but as two separate entries).  See eCRF completion instruction for more information.",,,,,"[aeyn] = ""1""",,,,,,
aeoccur,cdash_v_11_adverse_events,,radio,"Does the subject have (specific adverse event)?","0, No | 1, Yes","Please indicate if (specific adverse event) has occurred /is occurring by checking Yes or No.",,,,,"[aeyn] = ""1""",,,,,,
aestdat,cdash_v_11_adverse_events,,text,"What is the date the adverse event started?",,"Record the start date of the adverse event using the MM-DD-YYYY format.",date_mdy,,,,"[aeyn] = ""1""",,,,,,
aesttim,cdash_v_11_adverse_events,,text,"At what time did the adverse event start?",,"If appropriate, record the time the AE started using the HH:MM (24-hour clock) format.",time,,,,"[aeyn] = ""1""",,,,,,
aeongo,cdash_v_11_adverse_events,,radio,"Is the adverse event still ongoing?","0, No | 1, Yes","Select one.",,,,,"[aeyn] = ""1""",,,,,,
aeendat,cdash_v_11_adverse_events,,text,"What date did the adverse event end?",,"Record the end date of the adverse event using the MM-DD-YYYY format.",date_mdy,,,,"[aeongo] = ""0""",,,,,,
aeentim,cdash_v_11_adverse_events,,text,"At what time did the adverse event end?",,"If appropriate, record the time the AE ended using the HH:MM (24-hour clock) format.",time,,,,"[aeongo] = ""0""",,,,,,
aesev,cdash_v_11_adverse_events,,radio,"What was the severity of the adverse event?","1, Mild | 2, Moderate | 3, Severe","The reporting physician/healthcare professional will assess the severity of the event using the sponsor-defined categories. This assessment is subjective and the reporting physician/ healthcare professional should use medical judgment to compare the reported Adverse Event to similar type events observed in clinical practice. Severity is not equivalent to seriousness.",,,,,"[aeyn] = ""1""",,,,,,
aetoxgr,cdash_v_11_adverse_events,,radio,"What is the toxicity grade of the adverse event?","1, Grade 1 | 2, Grade 2 | 3, Grade 3 | 4, Grade 4 | 5, Grade 5","Severity CTCAE Grade<br><br>The reporting physician/healthcare professional will assess the severity of the adverse event using the toxicity grades.",,,,,"[aeyn] = ""1""",,,,,,
aeser,cdash_v_11_adverse_events,,radio,"Is the adverse event serious?","0, No | 1, Yes","Assess if an adverse event should be classified as serious based on the serious criteria defined in the protocol.",,,,,"[aeyn] = ""1""",,,,,,
aescong,cdash_v_11_adverse_events,,radio,"Is the adverse event associated with a congenital anomaly or birth defect?","0, No | 1, Yes","Record whether the serious adverse event was associated with congenital anomaly or birth defect.",,,,,"[aeser] = ""1""",,,,,,
aesdisab,cdash_v_11_adverse_events,,radio,"Did the adverse event result in Persistent or significant disability or incapacity?","0, No | 1, Yes","Record whether the serious adverse event resulted in a persistent or significant disability or incapacity.",,,,,"[aeser] = ""1""",,,,,,
aesdth,cdash_v_11_adverse_events,,radio,"Did the adverse event result in death?","0, No | 1, Yes","Record whether the serious adverse event resulted in death.",,,,,"[aeser] = ""1""",,,,,,
aeshosp,cdash_v_11_adverse_events,,radio,"Did the adverse event result in initial or prolonged hospitalization for the subject?","0, No | 1, Yes","Record whether the serious adverse event resulted in an initial or prolonged hospitalization.",,,,,"[aeser] = ""1""",,,,,,
aeslife,cdash_v_11_adverse_events,,radio,"Is the adverse event Life Threatening?","0, No | 1, Yes","Record whether the serious adverse event is life threatening.",,,,,"[aeser] = ""1""",,,,,,
aesmie,cdash_v_11_adverse_events,,radio,"Is the adverse event a medically important event not covered by other ?serious? criteria?","0, No | 1, Yes","Record whether the serious adverse event is an important medical event, which may be defined in the protocol or in the Investigator Brochure.",,,,,"[aeser] = ""1""",,,,,,
aerel,cdash_v_11_adverse_events,,radio,"Is this event related to study treatment?","1, Definitely | 2, Probably | 3, Possibly | 4, Not Related","Indicate if the cause of the adverse event is related to the study treatment and cannot be reasonably explained by other factors (e.g., subject's clinical state, concomitant therapy, and/or other interventions).",,,,,"[aeyn] = ""1""",,,,,,
aeacn,cdash_v_11_adverse_events,,radio,"What action was taken with study treatment?","1, Dose Increased | 2, Dose Not Changed | 3, Dose Reduced | 4, Drug Interrupted | 5, Drug Withdrawn | 6, Not Applicable | 99, Unknown","Record changes made to the study treatment resulting from the adverse event.",,,,,"[aeyn] = ""1""",,,,,,
aeacnoth,cdash_v_11_adverse_events,,notes,"What other action was taken in response to this adverse event?",,"Record all action(s) taken resulting from the adverse event.",,,,,"[aeyn] = ""1""",,,,,,
aeout,cdash_v_11_adverse_events,,radio,"What was the outcome of this adverse event?","1, Fatal | 2, Not recovered / Not resolved | 3, Recovered / Resolved | 4, Recovered / Resolved with sequelae | 5, Recovering / Resolving | 99, Unknown","Record the appropriate outcome of the event in relation to the subject's status.",,,,,"[aeyn] = ""1""",,,,,,
aedis,cdash_v_11_adverse_events,,radio,"Did the adverse event cause the subject to be discontinued from the study?","0, No | 1, Yes","Record if the AE caused the subject to discontinue from the study.",,,,,"[aeyn] = ""1""",,,,,,
