"Variable / Field Name","Form Name","Section Header","Field Type","Field Label","Choices, Calculations, OR Slider Labels","Field Note","Text Validation Type OR Show Slider Number","Text Validation Min","Text Validation Max",Identifier?,"Branching Logic (Show field only if...)","Required Field?","Custom Alignment","Question Number (surveys only)","Matrix Group Name","Matrix Ranking?","Field Annotation"
cde_2192199,nci_standard_demography_module_template,"Answer either RACE or CDC RACE CODE but not both",checkbox,"Race (Choose all that apply)","1, American Indian or Alaska Native | 2, Asian | 3, Black or African American | 4, Native Hawaiian or other Pacific Islander | 5, Not Reported | 6, Unknown | 7, White",,,,,,,,,,,,
cde_2200286,nci_standard_demography_module_template,,text,"CDC Race Code",,"http://www.cdc.gov/nchs/data/dvs/Race_Ethnicity_CodeSet.pdf - NOTE: Race codes are preceeded by the letter ""R""",,,,,,,,,,,
cde_2192217,nci_standard_demography_module_template,"Answer either ETHNICITY or CDC ETHNICITY CODE but not both",dropdown,Ethnicity,"1, Hispanic or Latino | 2, Not Hispanic or Latino | 3, Not reported | 4, Unknown",,,,,,,,,,,,
cde_2200284,nci_standard_demography_module_template,,text,"CDC Ethnicity Code",,"http://www.cdc.gov/nchs/data/dvs/Race_Ethnicity_CodeSet.pdf - NOTE: Ethnicity codes are preceeded by the letter ""E""",,,,,,,,,,,
cde_2200604,nci_standard_demography_module_template,,dropdown,Gender,"1, Female | 2, Male | 3, Unknown | 4, Unspecified",,,,,,,,,,,,
cde_793,nci_standard_demography_module_template,,text,"Date of Birth",,,date_ymd,,,,,,,,,,
cde_315,nci_standard_demography_module_template,"PROTOCOL CONDITIONAL QUESTIONS",text,"Country of Residence",,,,,,,,,,,,,
cde_2179606,nci_standard_demography_module_template,,text,"ZIP Code ",,,zipcode,,,,,,,,,,
cde_2865130,nci_standard_demography_module_template,,dropdown,"Payment Method","1, Managed Care/Medicare | 2, Medicaid | 3, Medicaid and Medicare | 4, Medicare | 5, Medicare and Private Insurance | 6, Military or Veterans Sponsored, NOS | 7, Military Sponsored (Including CHAMPUS & TriCare) | 8, No Means of Payment (No Insurance) | 9, Other | 10, Private Insurance | 11, Self-Pay (No Insurance) | 12, State Supplemental Health Insurance | 13, Unknown | 14, Veterans Sponsored",,,,,,,,,,,,
cde_2003745,nci_standard_demography_module_template,,text,"Date Completed",,,date_ymd,,,,,,,,,,
cde_2943243,nci_standard_demography_module_template,"FREQUENTLY USED BUT OPTIONAL ELEMENTS",text,"Census Tract Code at Enrollment",,,number,100,999998,,,,,,,,
cde_2674076,nci_standard_demography_module_template,"Answer either EDUCATION LEVEL or EDUCATIONAL ATTAINMENT but not both",dropdown,"Highest Education Level","1, Preschool | 2, Kindergarten | 3, 1st Grade | 4, 2nd Grade | 5, 3rd Grade | 6, 4th Grade | 7, 5th Grade | 8, 6th Grade | 9, 7th Grade | 10, 8th Grade | 11, 9th Grade | 12, 10th Grade | 13, 11th Grade | 14, 12th Grade No Diploma | 15, High School Graduate | 16, General Equivalency Diploma | 17, Bachelor Degree | 18, Associate Degree | 19, Academic Doctorate Degree | 20, Master's Degree | 21, Professional Doctorate Degree | 22, VoTech Program | 23, No Formal Schooling | 24, Refused | 25, Some College, No Degree | 26, Don't Know",,,,,,,,,,,,
cde_2681552,nci_standard_demography_module_template,,dropdown,"Educational Attainment","1, Bachelor's Degree | 2, Doctoral degree or professional degree | 3, Grade School | 4, Graduate or professional degree | 5, High school graduate (including equivalency) | 6, Master's Degree | 7, No formal education | 8, Not high school graduate | 9, Some college or associate degree",,,,,,,,,,,,
cde_2188083,nci_standard_demography_module_template,,dropdown,"Marital Status","1, Divorced | 2, Domestic Partnership | 3, Married | 4, Never Married | 5, Separated | 6, Widowed",,,,,,,,,,,,
cde_2001708,nci_standard_demography_module_template,,dropdown,"Country of Birth","1, Other country | 2, USA",,,,,,,,,,,,
cde_2001708_1,nci_standard_demography_module_template,,text,"If other country, specify here",,,,,,,"[cde_2001708]=""1""",,,,,,
cde_2001708_2,nci_standard_demography_module_template,,radio,"If USA, specify the state","1, Alabama - AL | 2, Alaska - AK | 3, American Samoa - AS | 4, Arizona - AZ | 5, Arkansas - AR | 6, California - CA | 7, Colorado - CO | 8, Connecticut - CT | 9, Delaware - DE | 10, District of Columbia - DC | 11, Federated States of Micronesia* - FM | 12, Florida - FL | 13, Georgia - GA | 14, Guam - GU | 15, Hawaii - HI | 16, Idaho - ID | 17, Illinois - IL | 18, Indiana - IN | 19, Iowa - IA | 20, Kansas - KS | 21, Kentucky - KY | 22, Louisiana - LA | 23, Maine - ME | 24, Marshall Islands* - MH | 25, Maryland - MD | 26, Massachusetts - MA | 27, Michigan - MI | 28, Minnesota - MN | 29, Mississippi - MS | 30, Missouri - MO | 31, Montana - MT | 32, Nebraska - NE | 33, Nevada - NV | 34, New Hampshire - NH | 35, New Jersey - NJ | 36, New Mexico - NM | 37, New York - NY | 38, North Carolina - NC | 39, North Dakota - ND | 40, Northern Mariana Islands - MP | 41, Ohio - OH | 42, Oklahoma - OK | 43, Oregon - OR | 44, Palau* - PW | 45, Pennsylvania - PA | 46, Puerto Rico - PR | 47, Rhode Island - RI | 48, South Carolina - SC | 49, South Dakota - SD | 50, Tennessee - TN | 51, Texas - TX | 52, Utah - UT | 53, Vermont - VT | 54, Virgin Island - VI | 55, Virginia - VA | 56, Washington - WA | 57, West Virginia - WV | 58, Wisconsin - WI | 59, Wyoming - WY",,,,,,"[cde_2001708]=""2""",,,,,,
