"Variable / Field Name","Form Name","Section Header","Field Type","Field Label","Choices, Calculations, OR Slider Labels","Field Note","Text Validation Type OR Show Slider Number","Text Validation Min","Text Validation Max",Identifier?,"Branching Logic (Show field only if...)","Required Field?","Custom Alignment","Question Number (surveys only)","Matrix Group Name","Matrix Ranking?","Field Annotation"
sponsor,cdash_v_11_common_identifiers,,text,"What is the sponsor identifier?",,"Record the identifier for the study sponsor.",number,,,,,,,,,,
studyid,cdash_v_11_common_identifiers,,text,"What is the study identifier?",,"Record the identifier for the study.",number,,,,,,,,,,
siteid,cdash_v_11_common_identifiers,,text,"What is the site identifier?",,"Record your clinical sites identifier as defined by the sponsor.",number,,,,,,,,,,
usubjid,cdash_v_11_common_identifiers,,text,"For this multi-study subject, what is the unique subject identifier?",,"Record the identifier used to uniquely identify a subject across all studies or all applications or submissions involving the product.",number,,,,,,,,,,
invid,cdash_v_11_common_identifiers,,text,"What is the investigator identifier?",,"Record the sponsor-defined identifier for your site investigator.",number,,,,,,,,,,
